"ATD";"ATA";"AVERAGE_ITEM_COST_CAD";"AVERAGE_ITEM_COST_USD";"COST_PRICE_CAD";"COST_PRICE_USD";"COUNTRY_OF_ORIGIN";"ETD";"ETA";"EXPECTED_SHIP_DATE";"EXPECTED_QUANTITY_CARTONS";"EXPECTED_QUANTITY_UNITS";"INBOUND_CARRIER";"INCOTERMS";"INBOUND_CONTAINER_TYPE";"INBOUND_CONTAINER_NUMBER";"INBOUND_BILL_OF_LADING";"ITEM_ID";"ITEM_DESCRIPTION";"ITEM_CATEGORY";"ITEM_BRAND";"MSRP_CAD";"MSRP_USD";"PURCHASE_ORDER";"PURCHASE_ORDER_DATE";"PORT_OF_LOADING";"PORT_OF_DISCHARGE";"RECEIPT_ID";"RECEIVED_QTY_UNITS";"SUPPLIER_NAME";"TRANSIT_DAYS_EXPECTED";"TRANSIT_DAYS_DELAYED";"UNITS_PER_CARTON";"UNIT_NET_WEIGHT";"UNIT_CBM";"WAREHOUSE_CODE"
"2025-05-27";"2025-07-02";1.92;1.4;1.93;1.41;"Poland";"2025-05-25";"2025-07-02";"2025-05-25";62;2232;"MSC";"EXW";"40GP";"MSCU5979372";"BL525112";"COS-0009";"LumiCare Sensitive Skin Face Wash";"Face Wash";"LumiCare";5.35;3.91;"PO-2025-0001";"2025-05-18";"Port of Gdynia";"Port of Montreal";"IM-0001";2232;"Patoka-Panicz Sp. z o.o. Sp.k. Sp. z o.o.";38;0;36;0.191;0.000358;"TOR"
"2025-09-06";"2025-10-16";4.52;3.3;4.7;3.43;"Poland";"2025-09-05";"2025-10-09";"2025-09-05";144;864;"Hapag-Lloyd";"FOB";"40GP";"MSCU9890980";"BL438397";"COS-0005";"Vistula Beauty Vitamin C Face Cream";"Face Cream";"Vistula Beauty";10.62;7.75;"PO-2025-0002";"2025-08-22";"Port of Gdynia";"Port of Montreal";"IM-0002";0;"Szumacher Sp. z o.o. Sp.k. Sp. z o.o.";34;7;6;0.241;0.000505;"TOR"
"2025-06-05";"2025-07-11";1.32;0.96;1.42;1.04;"Poland";"2025-06-04";"2025-07-07";"2025-06-04";182;2184;"Maersk";"CIF";"20GP";"MSCU3681160";"BL507419";"COS-0013";"ArcticAura Hydrating Face Wash";"Face Wash";"ArcticAura";4.15;3.03;"PO-2025-0003";"2025-05-31";"Port of Gdynia";"Port of Montreal";"IM-0003";2184;"FPUH Kubisz-Wziątek S.A. Sp. z o.o.";33;4;12;0.328;0.001045;"TOR"
"2025-07-11";"2025-08-07";1.38;1.01;1.41;1.03;"Poland";"2025-07-10";"2025-08-07";"2025-07-10";30;360;"CMA CGM";"FOB";"40GP";"MSCU4964217";"BL539032";"COS-0006";"Vistula Beauty SPF 15 Face Cream";"Face Cream";"Vistula Beauty";2.78;2.03;"PO-2025-0004";"2025-07-07";"Port of Gdynia";"Port of Montreal";"IM-0004";360;"Spółdzielnia Bogusiewicz Sp. z o.o.";28;0;12;0.224;0.000717;"TOR"
"2025-05-20";"2025-06-22";1.86;1.36;2.04;1.49;"Poland";"2025-05-18";"2025-06-22";"2025-05-18";117;1404;"CMA CGM";"FOB";"40GP";"MSCU4844806";"BL999928";"COS-0001";"LumiCare Citrus Lip Balm";"Lip Balm";"LumiCare";6.16;4.5;"PO-2025-0005";"2025-05-08";"Port of Gdynia";"Port of Vancouver";"IM-0005";1404;"Grupa Ryfa Sp. z o.o.";35;0;12;0.092;0.000196;"VAN"
"2025-05-16";"2025-06-06";5.11;3.73;5.17;3.77;"Poland";"2025-05-14";"2025-06-06";"2025-05-14";139;834;"MSC";"CIF";"20GP";"MSCU2019258";"BL802472";"COS-0004";"ArcticAura Vitamin C Face Cream";"Face Cream";"ArcticAura";14.29;10.43;"PO-2025-0006";"2025-05-09";"Port of Gdańsk";"Port of Montreal";"IM-0006";834;"Szumacher Sp. z o.o. Sp.k. Sp. z o.o.";23;0;6;0.242;0.000252;"TOR"
"2025-06-13";"2025-07-20";2.48;1.81;2.63;1.92;"Poland";"2025-06-13";"2025-07-13";"2025-06-13";72;2592;"MSC";"FOB";"20GP";"MSCU5355483";"BL408459";"COS-0003";"ArcticAura Mint Lip Balm";"Lip Balm";"ArcticAura";8.19;5.98;"PO-2025-0007";"2025-05-31";"Port of Szczecin-Świnoujście";"Port of Vancouver";"IM-0007";2592;"Gładka Sp. z o.o. Sp.k. Sp. z o.o.";30;7;36;0.105;0.000171;"VAN"
"2025-05-09";"2025-06-01";5.11;3.73;5.45;3.98;"Poland";"2025-05-08";"2025-05-30";"2025-05-08";69;414;"CMA CGM";"FOB";"40HQ";"MSCU9592664";"BL655027";"COS-0004";"ArcticAura Vitamin C Face Cream";"Face Cream";"ArcticAura";14.29;10.43;"PO-2025-0008";"2025-05-02";"Port of Gdańsk";"Port of Vancouver";"IM-0008";414;"FPUH Kubisz-Wziątek S.A. Sp. z o.o.";22;2;6;0.242;0.000252;"VAN"
"2025-04-09";"2025-05-18";1.32;0.96;1.41;1.03;"Poland";"2025-04-08";"2025-05-20";"2025-04-08";109;1308;"MSC";"FOB";"40HQ";"MSCU2873694";"BL463762";"COS-0013";"ArcticAura Hydrating Face Wash";"Face Wash";"ArcticAura";4.15;3.03;"PO-2025-0009";"2025-03-28";"Port of Szczecin-Świnoujście";"Port of Vancouver";"IM-0009";1308;"Stojak-Świstek Sp. z o.o. Sp. z o.o.";42;-2;12;0.328;0.001045;"VAN"
"2025-06-19";"2025-07-17";4.51;3.29;4.41;3.22;"Poland";"2025-06-18";"2025-07-17";"2025-06-18";21;252;"Maersk";"CIF";"40GP";"MSCU1147557";"BL125223";"COS-0008";"ArcticAura SPF 15 Face Cream";"Face Cream";"ArcticAura";11.74;8.57;"PO-2025-0010";"2025-06-17";"Port of Gdańsk";"Port of Vancouver";"IM-0010";252;"Patoka-Panicz Sp. z o.o. Sp.k. Sp. z o.o.";29;0;12;0.275;0.000252;"VAN"
"2025-05-15";"2025-06-15";4.52;3.3;4.88;3.56;"Poland";"2025-05-14";"2025-06-15";"2025-05-14";32;192;"MSC";"FOB";"40GP";"MSCU8859645";"BL451256";"COS-0005";"Vistula Beauty Vitamin C Face Cream";"Face Cream";"Vistula Beauty";10.62;7.75;"PO-2025-0011";"2025-05-06";"Port of Gdynia";"Port of Vancouver";"IM-0011";192;"FPUH Kubisz-Wziątek S.A. Sp. z o.o.";32;0;6;0.241;0.000505;"VAN"
"2025-05-15";"2025-06-19";1.86;1.36;1.87;1.37;"Poland";"2025-05-14";"2025-06-18";"2025-05-14";154;1848;"CMA CGM";"EXW";"20GP";"MSCU2260860";"BL335688";"COS-0001";"LumiCare Citrus Lip Balm";"Lip Balm";"LumiCare";6.16;4.5;"PO-2025-0012";"2025-05-11";"Port of Gdańsk";"Port of Vancouver";"IM-0012";1848;"Patoka-Panicz Sp. z o.o. Sp.k. Sp. z o.o.";35;1;12;0.092;0.000196;"VAN"
"2025-08-28";"2025-09-24";4.87;3.56;5.24;3.83;"Poland";"2025-08-27";"2025-09-20";"2025-08-27";26;156;"Maersk";"EXW";"40GP";"MSCU4938315";"BL423376";"COS-0016";"NordGlow SPF 30 Face Wash";"Face Wash";"NordGlow";12.85;9.38;"PO-2025-0013";"2025-08-14";"Port of Gdynia";"Port of Montreal";"IM-0013";0;"Parada Sp.j. Sp. z o.o.";24;4;6;0.041;0.000846;"TOR"
"2025-04-04";"2025-05-01";4.87;3.56;5.22;3.81;"Poland";"2025-04-04";"2025-04-30";"2025-04-04";45;270;"Maersk";"FOB";"40GP";"MSCU1541911";"BL783127";"COS-0016";"NordGlow SPF 30 Face Wash";"Face Wash";"NordGlow";12.85;9.38;"PO-2025-0014";"2025-03-21";"Port of Gdańsk";"Port of Montreal";"IM-0014";270;"Spółdzielnia Bogusiewicz Sp. z o.o.";26;1;6;0.041;0.000846;"TOR"
"2025-03-14";"2025-04-11";4.96;3.62;5.27;3.85;"Poland";"2025-03-13";"2025-04-07";"2025-03-13";163;3912;"Maersk";"EXW";"40HQ";"MSCU3249601";"BL291244";"COS-0029";"LumiCare Hyaluronic Face Wash";"Face Wash";"LumiCare";12.49;9.12;"PO-2025-0015";"2025-03-09";"Port of Gdańsk";"Port of Montreal";"IM-0015";3912;"Grupa Ryfa Sp. z o.o.";25;4;24;0.23;0.001155;"TOR"
"2025-06-04";"2025-07-04";1.38;1.01;1.38;1.01;"Poland";"2025-06-03";"2025-07-06";"2025-06-03";26;312;"CMA CGM";"DDP";"20GP";"MSCU6892993";"BL184306";"COS-0006";"Vistula Beauty SPF 15 Face Cream";"Face Cream";"Vistula Beauty";2.78;2.03;"PO-2025-0016";"2025-05-22";"Port of Gdańsk";"Port of Vancouver";"IM-0016";312;"Patoka-Panicz Sp. z o.o. Sp.k. Sp. z o.o.";33;-2;12;0.224;0.000717;"VAN"
"2025-04-16";"2025-05-19";4.08;2.98;4.14;3.02;"Poland";"2025-04-16";"2025-05-15";"2025-04-16";50;300;"Hapag-Lloyd";"CIF";"20GP";"MSCU2048049";"BL174561";"COS-0025";"ArcticAura Hyaluronic Face Cream";"Face Cream";"ArcticAura";8.59;6.27;"PO-2025-0017";"2025-04-09";"Port of Gdynia";"Port of Montreal";"IM-0017";300;"Stojak-Świstek Sp. z o.o. Sp. z o.o.";29;4;6;0.343;0.000936;"TOR"
"2025-03-20";"2025-04-19";1.31;0.96;1.43;1.04;"Poland";"2025-03-18";"2025-04-19";"2025-03-18";35;210;"Maersk";"EXW";"40HQ";"MSCU5408650";"BL527675";"COS-0024";"NordGlow Vanilla Lip Balm";"Lip Balm";"NordGlow";3.25;2.37;"PO-2025-0018";"2025-03-16";"Port of Gdańsk";"Port of Vancouver";"IM-0018";210;"Grupa Ryfa Sp. z o.o.";32;0;6;0.257;0.000792;"VAN"
"2025-05-27";"2025-07-02";3.21;2.34;3.32;2.42;"Poland";"2025-05-26";"2025-07-04";"2025-05-26";60;720;"CMA CGM";"EXW";"40HQ";"MSCU6857141";"BL933632";"COS-0015";"ArcticAura SPF 15 Face Wash";"Face Wash";"ArcticAura";9.4;6.86;"PO-2025-0019";"2025-05-25";"Port of Gdańsk";"Port of Vancouver";"IM-0019";720;"Parada Sp.j. Sp. z o.o.";39;-2;12;0.161;0.000618;"VAN"
"2025-04-20";"2025-05-21";1.38;1.01;1.46;1.07;"Poland";"2025-04-19";"2025-05-19";"2025-04-19";53;636;"Hapag-Lloyd";"FOB";"40GP";"MSCU6724369";"BL498426";"COS-0006";"Vistula Beauty SPF 15 Face Cream";"Face Cream";"Vistula Beauty";2.78;2.03;"PO-2025-0020";"2025-04-14";"Port of Szczecin-Świnoujście";"Port of Montreal";"IM-0020";636;"Spółdzielnia Klinger-Borejko Sp.k. Sp. z o.o.";30;2;12;0.224;0.000717;"TOR"
"2025-07-04";"2025-08-03";2.57;1.88;2.49;1.82;"Poland";"2025-07-03";"2025-08-03";"2025-07-03";38;1368;"Hapag-Lloyd";"EXW";"20GP";"MSCU5150009";"BL177127";"COS-0007";"PureBaltic SPF 15 Face Wash";"Face Wash";"PureBaltic";6.8;4.96;"PO-2025-0021";"2025-06-30";"Port of Gdynia";"Port of Vancouver";"IM-0021";1368;"Mysior Sp. z o.o. Sp. z o.o.";31;0;36;0.263;0.001075;"VAN"
"2025-05-27";"2025-06-18";1.92;1.4;1.86;1.36;"Poland";"2025-05-25";"2025-06-14";"2025-05-25";65;2340;"Maersk";"CIF";"20GP";"MSCU1159928";"BL213832";"COS-0009";"LumiCare Sensitive Skin Face Wash";"Face Wash";"LumiCare";5.35;3.91;"PO-2025-0022";"2025-05-22";"Port of Szczecin-Świnoujście";"Port of Montreal";"IM-0022";2340;"Stojak-Świstek Sp. z o.o. Sp. z o.o.";20;4;36;0.191;0.000358;"TOR"
"2025-07-02";"2025-07-28";4.52;3.3;4.71;3.44;"Poland";"2025-06-30";"2025-07-24";"2025-06-30";25;150;"Hapag-Lloyd";"DDP";"20GP";"MSCU2463375";"BL402733";"COS-0005";"Vistula Beauty Vitamin C Face Cream";"Face Cream";"Vistula Beauty";10.62;7.75;"PO-2025-0023";"2025-06-20";"Port of Gdynia";"Port of Montreal";"IM-0023";150;"Szumacher Sp. z o.o. Sp.k. Sp. z o.o.";24;4;6;0.241;0.000505;"TOR"
"2025-06-26";"2025-07-24";3.21;2.34;3.52;2.57;"Poland";"2025-06-26";"2025-07-24";"2025-06-26";121;1452;"MSC";"EXW";"40GP";"MSCU5393988";"BL406931";"COS-0015";"ArcticAura SPF 15 Face Wash";"Face Wash";"ArcticAura";9.4;6.86;"PO-2025-0024";"2025-06-14";"Port of Gdynia";"Port of Montreal";"IM-0024";1452;"Patoka-Panicz Sp. z o.o. Sp.k. Sp. z o.o.";28;0;12;0.161;0.000618;"TOR"
"2025-07-09";"2025-08-07";1.36;0.99;1.43;1.04;"Poland";"2025-07-08";"2025-08-07";"2025-07-08";103;3708;"Maersk";"FOB";"40HQ";"MSCU4683448";"BL824992";"COS-0019";"LumiCare Hydrating Face Cream";"Face Cream";"LumiCare";3.4;2.48;"PO-2025-0025";"2025-07-03";"Port of Gdańsk";"Port of Vancouver";"IM-0025";3708;"Grupa Ryfa Sp. z o.o.";30;0;36;0.097;0.001069;"VAN"
"2025-07-08";"2025-08-11";1.5;1.1;1.64;1.2;"Poland";"2025-07-07";"2025-08-11";"2025-07-07";42;1512;"MSC";"CIF";"40HQ";"MSCU2664629";"BL284972";"COS-0017";"LumiCare SPF 15 Face Wash";"Face Wash";"LumiCare";3.65;2.66;"PO-2025-0026";"2025-06-29";"Port of Szczecin-Świnoujście";"Port of Montreal";"IM-0026";1512;"Szumacher Sp. z o.o. Sp.k. Sp. z o.o.";35;0;36;0.257;0.001179;"TOR"
"2025-07-28";"2025-08-30";4.52;3.3;4.68;3.42;"Poland";"2025-07-27";"2025-08-28";"2025-07-27";141;846;"MSC";"EXW";"40GP";"MSCU7858638";"BL743318";"COS-0005";"Vistula Beauty Vitamin C Face Cream";"Face Cream";"Vistula Beauty";10.62;7.75;"PO-2025-0027";"2025-07-14";"Port of Gdańsk";"Port of Montreal";"IM-0027";0;"Spółdzielnia Klinger-Borejko Sp.k. Sp. z o.o.";32;2;6;0.241;0.000505;"TOR"
"2025-06-21";"2025-07-26";1.6;1.17;1.55;1.13;"Poland";"2025-06-19";"2025-07-29";"2025-06-19";44;1056;"Maersk";"EXW";"20GP";"MSCU3288361";"BL472647";"COS-0020";"PureBaltic SPF 15 Face Wash";"Face Wash";"PureBaltic";3.73;2.72;"PO-2025-0028";"2025-06-08";"Port of Gdańsk";"Port of Montreal";"IM-0028";1056;"FPUH Kubisz-Wziątek S.A. Sp. z o.o.";40;-3;24;0.34;0.000614;"TOR"
"2025-06-24";"2025-07-22";1.32;0.96;1.35;0.99;"Poland";"2025-06-22";"2025-07-24";"2025-06-22";18;216;"CMA CGM";"FOB";"20GP";"MSCU2198881";"BL398540";"COS-0013";"ArcticAura Hydrating Face Wash";"Face Wash";"ArcticAura";4.15;3.03;"PO-2025-0029";"2025-06-08";"Port of Gdynia";"Port of Vancouver";"IM-0029";216;"Warzybok s.c. Sp. z o.o.";32;-2;12;0.328;0.001045;"VAN"
"2025-05-26";"2025-06-19";1.92;1.4;2.0;1.46;"Poland";"2025-05-26";"2025-06-18";"2025-05-26";98;3528;"Maersk";"EXW";"40GP";"MSCU1704358";"BL624513";"COS-0009";"LumiCare Sensitive Skin Face Wash";"Face Wash";"LumiCare";5.35;3.91;"PO-2025-0030";"2025-05-14";"Port of Gdynia";"Port of Montreal";"IM-0030";3528;"Parada Sp.j. Sp. z o.o.";23;1;36;0.191;0.000358;"TOR"
"2025-04-09";"2025-05-12";1.38;1.01;1.4;1.02;"Poland";"2025-04-07";"2025-05-13";"2025-04-07";186;2232;"MSC";"EXW";"20GP";"MSCU5396805";"BL592770";"COS-0006";"Vistula Beauty SPF 15 Face Cream";"Face Cream";"Vistula Beauty";2.78;2.03;"PO-2025-0031";"2025-04-05";"Port of Gdynia";"Port of Vancouver";"IM-0031";2232;"Stojak-Świstek Sp. z o.o. Sp. z o.o.";36;-1;12;0.224;0.000717;"VAN"
"2025-04-07";"2025-05-19";3.7;2.7;3.54;2.58;"Poland";"2025-04-07";"2025-05-18";"2025-04-07";118;1416;"CMA CGM";"DDP";"40HQ";"MSCU5877836";"BL460197";"COS-0026";"Vistula Beauty SPF 15 Face Wash";"Face Wash";"Vistula Beauty";8.65;6.31;"PO-2025-0032";"2025-04-01";"Port of Gdynia";"Port of Vancouver";"IM-0032";1416;"Gładka Sp. z o.o. Sp.k. Sp. z o.o.";41;1;12;0.134;0.000553;"VAN"
"2025-08-06";"2025-08-29";1.72;1.26;1.88;1.37;"Poland";"2025-08-06";"2025-08-30";"2025-08-06";193;6948;"CMA CGM";"CIF";"20GP";"MSCU6217434";"BL412616";"COS-0021";"PureBaltic Vitamin C Face Wash";"Face Wash";"PureBaltic";3.61;2.64;"PO-2025-0033";"2025-07-31";"Port of Gdynia";"Port of Montreal";"IM-0033";0;"Spółdzielnia Bogusiewicz Sp. z o.o.";24;-1;36;0.283;0.00055;"TOR"
"2025-08-27";"2025-09-21";5.11;3.73;5.35;3.91;"Poland";"2025-08-27";"2025-09-19";"2025-08-27";36;216;"MSC";"EXW";"40GP";"MSCU3522171";"BL762522";"COS-0004";"ArcticAura Vitamin C Face Cream";"Face Cream";"ArcticAura";14.29;10.43;"PO-2025-0034";"2025-08-13";"Port of Gdynia";"Port of Montreal";"IM-0034";0;"Stojak-Świstek Sp. z o.o. Sp. z o.o.";23;2;6;0.242;0.000252;"TOR"
"2025-07-06";"2025-08-11";1.36;0.99;1.37;1.0;"Poland";"2025-07-06";"2025-08-10";"2025-07-06";103;3708;"CMA CGM";"FOB";"40HQ";"MSCU5691436";"BL639915";"COS-0019";"LumiCare Hydrating Face Cream";"Face Cream";"LumiCare";3.4;2.48;"PO-2025-0035";"2025-06-30";"Port of Gdynia";"Port of Montreal";"IM-0035";3708;"Stowarzyszenie Wośko Sp. z o.o.";35;1;36;0.097;0.001069;"TOR"
"2025-08-19";"2025-09-25";1.92;1.4;2.09;1.53;"Poland";"2025-08-19";"2025-09-24";"2025-08-19";181;6516;"MSC";"EXW";"20GP";"MSCU4488982";"BL900525";"COS-0009";"LumiCare Sensitive Skin Face Wash";"Face Wash";"LumiCare";5.35;3.91;"PO-2025-0036";"2025-08-07";"Port of Szczecin-Świnoujście";"Port of Vancouver";"IM-0036";0;"Stojak-Świstek Sp. z o.o. Sp. z o.o.";36;1;36;0.191;0.000358;"VAN"
"2025-08-17";"2025-09-02";1.6;1.17;1.75;1.28;"Poland";"2025-08-17";"2025-09-04";"2025-08-17";176;4224;"CMA CGM";"CIF";"40HQ";"MSCU1587508";"BL539650";"COS-0020";"PureBaltic SPF 15 Face Wash";"Face Wash";"PureBaltic";3.73;2.72;"PO-2025-0037";"2025-08-16";"Port of Gdańsk";"Port of Montreal";"IM-0037";0;"Parada Sp.j. Sp. z o.o.";18;-2;24;0.34;0.000614;"TOR"
"2025-07-15";"2025-08-16";1.38;1.01;1.43;1.04;"Poland";"2025-07-14";"2025-08-16";"2025-07-14";102;1224;"CMA CGM";"EXW";"20GP";"MSCU1446345";"BL518077";"COS-0006";"Vistula Beauty SPF 15 Face Cream";"Face Cream";"Vistula Beauty";2.78;2.03;"PO-2025-0038";"2025-07-08";"Port of Szczecin-Świnoujście";"Port of Montreal";"IM-0038";1224;"FPUH Kubisz-Wziątek S.A. Sp. z o.o.";33;0;12;0.224;0.000717;"TOR"
"2025-05-30";"2025-07-03";5.27;3.85;5.63;4.11;"Poland";"2025-05-29";"2025-06-29";"2025-05-29";45;1620;"Maersk";"EXW";"20GP";"MSCU7248981";"BL580378";"COS-0030";"NordGlow SPF 15 Face Cream";"Face Cream";"NordGlow";18.32;13.37;"PO-2025-0039";"2025-05-16";"Port of Gdynia";"Port of Montreal";"IM-0039";1620;"Parada Sp.j. Sp. z o.o.";31;4;36;0.148;0.001157;"TOR"
"2025-05-20";"2025-06-11";4.52;3.3;4.49;3.28;"Poland";"2025-05-20";"2025-06-09";"2025-05-20";159;954;"Maersk";"EXW";"40HQ";"MSCU4121939";"BL433126";"COS-0005";"Vistula Beauty Vitamin C Face Cream";"Face Cream";"Vistula Beauty";10.62;7.75;"PO-2025-0040";"2025-05-12";"Port of Gdańsk";"Port of Montreal";"IM-0040";954;"Grupa Ryfa Sp. z o.o.";20;2;6;0.241;0.000505;"TOR"
"2025-07-13";"2025-08-09";2.64;1.93;2.68;1.96;"Poland";"2025-07-13";"2025-08-10";"2025-07-13";124;4464;"CMA CGM";"DDP";"40HQ";"MSCU3713947";"BL186913";"COS-0018";"PureBaltic Rose Lip Balm";"Lip Balm";"PureBaltic";9.14;6.67;"PO-2025-0041";"2025-07-05";"Port of Gdańsk";"Port of Vancouver";"IM-0041";4464;"Szumacher Sp. z o.o. Sp.k. Sp. z o.o.";28;-1;36;0.241;0.000277;"VAN"
"2025-04-10";"2025-05-13";4.51;3.29;4.69;3.42;"Poland";"2025-04-09";"2025-05-13";"2025-04-09";158;1896;"Maersk";"FOB";"40GP";"MSCU1737596";"BL259125";"COS-0008";"ArcticAura SPF 15 Face Cream";"Face Cream";"ArcticAura";11.74;8.57;"PO-2025-0042";"2025-04-03";"Port of Gdynia";"Port of Vancouver";"IM-0042";1896;"Mysior Sp. z o.o. Sp. z o.o.";34;0;12;0.275;0.000252;"VAN"
"2025-07-04";"2025-07-26";4.08;2.98;4.0;2.92;"Poland";"2025-07-04";"2025-07-27";"2025-07-04";102;612;"Hapag-Lloyd";"CIF";"40HQ";"MSCU6914680";"BL919758";"COS-0025";"ArcticAura Hyaluronic Face Cream";"Face Cream";"ArcticAura";8.59;6.27;"PO-2025-0043";"2025-06-24";"Port of Szczecin-Świnoujście";"Port of Montreal";"IM-0043";612;"Stowarzyszenie Wośko Sp. z o.o.";23;-1;6;0.343;0.000936;"TOR"
"2025-07-25";"2025-08-22";1.6;1.17;1.64;1.2;"Poland";"2025-07-24";"2025-08-22";"2025-07-24";191;4584;"CMA CGM";"FOB";"20GP";"MSCU9107604";"BL616085";"COS-0020";"PureBaltic SPF 15 Face Wash";"Face Wash";"PureBaltic";3.73;2.72;"PO-2025-0044";"2025-07-11";"Port of Gdańsk";"Port of Vancouver";"IM-0044";4584;"Stojak-Świstek Sp. z o.o. Sp. z o.o.";29;0;24;0.34;0.000614;"VAN"
"2025-03-14";"2025-04-14";1.38;1.01;1.44;1.05;"Poland";"2025-03-12";"2025-04-15";"2025-03-12";32;384;"MSC";"EXW";"40GP";"MSCU4740314";"BL681666";"COS-0006";"Vistula Beauty SPF 15 Face Cream";"Face Cream";"Vistula Beauty";2.78;2.03;"PO-2025-0045";"2025-03-08";"Port of Szczecin-Świnoujście";"Port of Montreal";"IM-0045";384;"Stojak-Świstek Sp. z o.o. Sp. z o.o.";34;-1;12;0.224;0.000717;"TOR"
"2025-05-06";"2025-06-13";1.38;1.01;1.4;1.02;"Poland";"2025-05-04";"2025-06-12";"2025-05-04";60;720;"CMA CGM";"DDP";"20GP";"MSCU2920184";"BL774976";"COS-0006";"Vistula Beauty SPF 15 Face Cream";"Face Cream";"Vistula Beauty";2.78;2.03;"PO-2025-0046";"2025-05-03";"Port of Gdańsk";"Port of Vancouver";"IM-0046";720;"Parada Sp.j. Sp. z o.o.";39;1;12;0.224;0.000717;"VAN"
"2025-04-24";"2025-05-27";1.38;1.01;1.46;1.07;"Poland";"2025-04-24";"2025-05-29";"2025-04-24";91;1092;"Hapag-Lloyd";"FOB";"20GP";"MSCU1663086";"BL814184";"COS-0006";"Vistula Beauty SPF 15 Face Cream";"Face Cream";"Vistula Beauty";2.78;2.03;"PO-2025-0047";"2025-04-23";"Port of Szczecin-Świnoujście";"Port of Montreal";"IM-0047";1092;"Parada Sp.j. Sp. z o.o.";35;-2;12;0.224;0.000717;"TOR"
"2025-04-14";"2025-05-05";3.21;2.34;3.05;2.23;"Poland";"2025-04-12";"2025-05-04";"2025-04-12";157;1884;"CMA CGM";"FOB";"40HQ";"MSCU6413391";"BL106374";"COS-0015";"ArcticAura SPF 15 Face Wash";"Face Wash";"ArcticAura";9.4;6.86;"PO-2025-0048";"2025-04-01";"Port of Gdańsk";"Port of Montreal";"IM-0048";1884;"Grupa Ryfa Sp. z o.o.";22;1;12;0.161;0.000618;"TOR"
"2025-05-07";"2025-06-20";4.08;2.98;4.13;3.01;"Poland";"2025-05-07";"2025-06-16";"2025-05-07";94;564;"Hapag-Lloyd";"CIF";"40GP";"MSCU1214541";"BL797088";"COS-0025";"ArcticAura Hyaluronic Face Cream";"Face Cream";"ArcticAura";8.59;6.27;"PO-2025-0049";"2025-04-23";"Port of Gdańsk";"Port of Montreal";"IM-0049";564;"Spółdzielnia Bogusiewicz Sp. z o.o.";40;4;6;0.343;0.000936;"TOR"
"2025-03-10";"2025-04-17";4.87;3.56;4.77;3.48;"Poland";"2025-03-09";"2025-04-10";"2025-03-09";184;1104;"Hapag-Lloyd";"DDP";"40GP";"MSCU9123639";"BL773066";"COS-0016";"NordGlow SPF 30 Face Wash";"Face Wash";"NordGlow";12.85;9.38;"PO-2025-0050";"2025-02-28";"Port of Gdańsk";"Port of Vancouver";"IM-0050";1104;"Gładka Sp. z o.o. Sp.k. Sp. z o.o.";32;7;6;0.041;0.000846;"VAN"
"2025-06-25";"2025-07-31";3.58;2.61;3.44;2.51;"Poland";"2025-06-24";"2025-07-31";"2025-06-24";38;228;"Maersk";"EXW";"20GP";"MSCU6981730";"BL985183";"COS-0002";"PureBaltic Vitamin C Face Wash";"Face Wash";"PureBaltic";12.36;9.02;"PO-2025-0051";"2025-06-15";"Port of Gdynia";"Port of Montreal";"IM-0051";228;"Stojak-Świstek Sp. z o.o. Sp. z o.o.";37;0;6;0.177;0.000626;"TOR"
"2025-08-25";"2025-09-29";4.96;3.62;5.2;3.8;"Poland";"2025-08-25";"2025-09-25";"2025-08-25";191;4584;"Maersk";"FOB";"40GP";"MSCU7720645";"BL783296";"COS-0029";"LumiCare Hyaluronic Face Wash";"Face Wash";"LumiCare";12.49;9.12;"PO-2025-0052";"2025-08-15";"Port of Gdańsk";"Port of Montreal";"IM-0052";0;"Stowarzyszenie Wośko Sp. z o.o.";31;4;24;0.23;0.001155;"TOR"
"2025-05-06";"2025-06-07";1.5;1.1;1.44;1.05;"Poland";"2025-05-04";"2025-06-03";"2025-05-04";114;4104;"MSC";"FOB";"20GP";"MSCU3471201";"BL956681";"COS-0017";"LumiCare SPF 15 Face Wash";"Face Wash";"LumiCare";3.65;2.66;"PO-2025-0053";"2025-05-03";"Port of Gdynia";"Port of Vancouver";"IM-0053";4104;"Grupa Ryfa Sp. z o.o.";30;4;36;0.257;0.001179;"VAN"
"2025-07-07";"2025-07-27";1.6;1.17;1.62;1.18;"Poland";"2025-07-06";"2025-07-27";"2025-07-06";90;2160;"CMA CGM";"FOB";"40HQ";"MSCU3935608";"BL665041";"COS-0020";"PureBaltic SPF 15 Face Wash";"Face Wash";"PureBaltic";3.73;2.72;"PO-2025-0054";"2025-07-02";"Port of Gdańsk";"Port of Vancouver";"IM-0054";2160;"Parada Sp.j. Sp. z o.o.";21;0;24;0.34;0.000614;"VAN"
"2025-08-30";"2025-09-22";4.96;3.62;4.92;3.59;"Poland";"2025-08-29";"2025-09-22";"2025-08-29";89;2136;"MSC";"CIF";"20GP";"MSCU9602964";"BL960840";"COS-0029";"LumiCare Hyaluronic Face Wash";"Face Wash";"LumiCare";12.49;9.12;"PO-2025-0055";"2025-08-24";"Port of Gdańsk";"Port of Montreal";"IM-0055";0;"Gładka Sp. z o.o. Sp.k. Sp. z o.o.";24;0;24;0.23;0.001155;"TOR"
"2025-03-19";"2025-04-15";1.43;1.04;1.51;1.1;"Poland";"2025-03-17";"2025-04-15";"2025-03-17";113;2712;"MSC";"EXW";"20GP";"MSCU6860938";"BL283643";"COS-0023";"Vistula Beauty Vitamin C Face Cream";"Face Cream";"Vistula Beauty";3.13;2.28;"PO-2025-0056";"2025-03-05";"Port of Szczecin-Świnoujście";"Port of Vancouver";"IM-0056";2712;"Mysior Sp. z o.o. Sp. z o.o.";29;0;24;0.176;0.000203;"VAN"
"2025-05-06";"2025-06-02";1.5;1.1;1.65;1.2;"Poland";"2025-05-06";"2025-06-04";"2025-05-06";58;2088;"Hapag-Lloyd";"CIF";"20GP";"MSCU7930106";"BL169082";"COS-0017";"LumiCare SPF 15 Face Wash";"Face Wash";"LumiCare";3.65;2.66;"PO-2025-0057";"2025-04-23";"Port of Szczecin-Świnoujście";"Port of Vancouver";"IM-0057";2088;"Szumacher Sp. z o.o. Sp.k. Sp. z o.o.";29;-2;36;0.257;0.001179;"VAN"
"2025-07-09";"2025-08-16";5.21;3.8;5.66;4.13;"Poland";"2025-07-08";"2025-08-16";"2025-07-08";49;294;"MSC";"DDP";"40HQ";"MSCU3684456";"BL495260";"COS-0014";"LumiCare Mint Lip Balm";"Lip Balm";"LumiCare";15.99;11.67;"PO-2025-0058";"2025-07-04";"Port of Szczecin-Świnoujście";"Port of Montreal";"IM-0058";294;"Szumacher Sp. z o.o. Sp.k. Sp. z o.o.";39;0;6;0.285;0.000549;"TOR"
"2025-06-29";"2025-07-15";1.36;0.99;1.49;1.09;"Poland";"2025-06-27";"2025-07-17";"2025-06-27";98;3528;"CMA CGM";"EXW";"40GP";"MSCU4967197";"BL258749";"COS-0019";"LumiCare Hydrating Face Cream";"Face Cream";"LumiCare";3.4;2.48;"PO-2025-0059";"2025-06-19";"Port of Szczecin-Świnoujście";"Port of Montreal";"IM-0059";3528;"Patoka-Panicz Sp. z o.o. Sp.k. Sp. z o.o.";20;-2;36;0.097;0.001069;"TOR"
"2025-08-14";"2025-09-18";2.64;1.93;2.6;1.9;"Poland";"2025-08-13";"2025-09-18";"2025-08-13";45;1620;"Maersk";"DDP";"40GP";"MSCU1312327";"BL695298";"COS-0018";"PureBaltic Rose Lip Balm";"Lip Balm";"PureBaltic";9.14;6.67;"PO-2025-0060";"2025-08-05";"Port of Gdańsk";"Port of Vancouver";"IM-0060";0;"Spółdzielnia Bogusiewicz Sp. z o.o.";36;0;36;0.241;0.000277;"VAN"
"2025-06-05";"2025-07-07";1.86;1.36;2.03;1.48;"Poland";"2025-06-03";"2025-07-06";"2025-06-03";166;1992;"CMA CGM";"EXW";"20GP";"MSCU9798418";"BL285362";"COS-0001";"LumiCare Citrus Lip Balm";"Lip Balm";"LumiCare";6.16;4.5;"PO-2025-0061";"2025-05-25";"Port of Gdańsk";"Port of Vancouver";"IM-0061";1992;"Spółdzielnia Klinger-Borejko Sp.k. Sp. z o.o.";33;1;12;0.092;0.000196;"VAN"
"2025-06-24";"2025-07-19";1.72;1.26;1.67;1.22;"Poland";"2025-06-22";"2025-07-22";"2025-06-22";195;7020;"MSC";"CIF";"20GP";"MSCU6143188";"BL169430";"COS-0021";"PureBaltic Vitamin C Face Wash";"Face Wash";"PureBaltic";3.61;2.64;"PO-2025-0062";"2025-06-16";"Port of Gdynia";"Port of Vancouver";"IM-0062";7020;"Mysior Sp. z o.o. Sp. z o.o.";30;-3;36;0.283;0.00055;"VAN"
"2025-05-14";"2025-06-06";5.11;3.73;4.96;3.62;"Poland";"2025-05-13";"2025-06-02";"2025-05-13";28;168;"Hapag-Lloyd";"DDP";"40GP";"MSCU9556676";"BL871395";"COS-0004";"ArcticAura Vitamin C Face Cream";"Face Cream";"ArcticAura";14.29;10.43;"PO-2025-0063";"2025-05-07";"Port of Gdańsk";"Port of Montreal";"IM-0063";168;"Patoka-Panicz Sp. z o.o. Sp.k. Sp. z o.o.";20;4;6;0.242;0.000252;"TOR"
"2025-05-14";"2025-06-07";5.11;3.73;5.56;4.06;"Poland";"2025-05-13";"2025-06-05";"2025-05-13";194;1164;"CMA CGM";"CIF";"40HQ";"MSCU8267945";"BL595991";"COS-0004";"ArcticAura Vitamin C Face Cream";"Face Cream";"ArcticAura";14.29;10.43;"PO-2025-0064";"2025-04-29";"Port of Szczecin-Świnoujście";"Port of Montreal";"IM-0064";1164;"Parada Sp.j. Sp. z o.o.";23;2;6;0.242;0.000252;"TOR"
"2025-06-13";"2025-07-23";5.11;3.73;5.15;3.76;"Poland";"2025-06-12";"2025-07-21";"2025-06-12";101;606;"Maersk";"CIF";"40GP";"MSCU6008828";"BL746550";"COS-0004";"ArcticAura Vitamin C Face Cream";"Face Cream";"ArcticAura";14.29;10.43;"PO-2025-0065";"2025-06-10";"Port of Szczecin-Świnoujście";"Port of Montreal";"IM-0065";606;"Spółdzielnia Bogusiewicz Sp. z o.o.";39;2;6;0.242;0.000252;"TOR"
"2025-08-27";"2025-09-29";5.11;3.73;5.23;3.82;"Poland";"2025-08-27";"2025-09-30";"2025-08-27";124;744;"CMA CGM";"DDP";"40HQ";"MSCU9963763";"BL876392";"COS-0004";"ArcticAura Vitamin C Face Cream";"Face Cream";"ArcticAura";14.29;10.43;"PO-2025-0066";"2025-08-17";"Port of Szczecin-Świnoujście";"Port of Montreal";"IM-0066";0;"Parada Sp.j. Sp. z o.o.";34;-1;6;0.242;0.000252;"TOR"
"2025-07-19";"2025-08-13";5.27;3.85;5.75;4.2;"Poland";"2025-07-19";"2025-08-13";"2025-07-19";193;6948;"CMA CGM";"EXW";"40HQ";"MSCU5358049";"BL846611";"COS-0030";"NordGlow SPF 15 Face Cream";"Face Cream";"NordGlow";18.32;13.37;"PO-2025-0067";"2025-07-18";"Port of Gdańsk";"Port of Vancouver";"IM-0067";6948;"Parada Sp.j. Sp. z o.o.";25;0;36;0.148;0.001157;"VAN"
"2025-08-08";"2025-08-27";1.63;1.19;1.67;1.22;"Poland";"2025-08-08";"2025-08-28";"2025-08-08";186;2232;"Hapag-Lloyd";"EXW";"20GP";"MSCU3939257";"BL511149";"COS-0022";"ArcticAura Sensitive Skin Face Wash";"Face Wash";"ArcticAura";5.66;4.13;"PO-2025-0068";"2025-08-02";"Port of Szczecin-Świnoujście";"Port of Montreal";"IM-0068";2232;"Mysior Sp. z o.o. Sp. z o.o.";20;-1;12;0.26;0.00069;"TOR"
"2025-07-28";"2025-09-02";4.96;3.62;5.46;3.99;"Poland";"2025-07-28";"2025-09-02";"2025-07-28";36;864;"MSC";"EXW";"20GP";"MSCU3261465";"BL562370";"COS-0029";"LumiCare Hyaluronic Face Wash";"Face Wash";"LumiCare";12.49;9.12;"PO-2025-0069";"2025-07-26";"Port of Gdańsk";"Port of Vancouver";"IM-0069";0;"Parada Sp.j. Sp. z o.o.";36;0;24;0.23;0.001155;"VAN"
"2025-05-15";"2025-06-05";1.36;0.99;1.42;1.04;"Poland";"2025-05-13";"2025-06-08";"2025-05-13";30;1080;"CMA CGM";"FOB";"40GP";"MSCU8895025";"BL393616";"COS-0019";"LumiCare Hydrating Face Cream";"Face Cream";"LumiCare";3.4;2.48;"PO-2025-0070";"2025-05-09";"Port of Gdynia";"Port of Vancouver";"IM-0070";1080;"Spółdzielnia Klinger-Borejko Sp.k. Sp. z o.o.";26;-3;36;0.097;0.001069;"VAN"
"2025-03-27";"2025-05-02";3.2;2.34;3.38;2.47;"Poland";"2025-03-25";"2025-05-02";"2025-03-25";25;900;"MSC";"FOB";"20GP";"MSCU6009112";"BL297788";"COS-0012";"ArcticAura Rose Lip Balm";"Lip Balm";"ArcticAura";9.01;6.58;"PO-2025-0071";"2025-03-19";"Port of Gdynia";"Port of Montreal";"IM-0071";900;"Stowarzyszenie Wośko Sp. z o.o.";38;0;36;0.125;0.000891;"TOR"
"2025-07-12";"2025-08-06";1.38;1.01;1.48;1.08;"Poland";"2025-07-10";"2025-08-06";"2025-07-10";164;1968;"Maersk";"CIF";"40HQ";"MSCU6208994";"BL891251";"COS-0006";"Vistula Beauty SPF 15 Face Cream";"Face Cream";"Vistula Beauty";2.78;2.03;"PO-2025-0072";"2025-07-02";"Port of Gdynia";"Port of Vancouver";"IM-0072";1968;"Mysior Sp. z o.o. Sp. z o.o.";27;0;12;0.224;0.000717;"VAN"
"2025-08-21";"2025-09-09";2.25;1.64;2.33;1.7;"Poland";"2025-08-21";"2025-09-12";"2025-08-21";25;300;"Maersk";"EXW";"20GP";"MSCU4583476";"BL846256";"COS-0011";"PureBaltic SPF 30 Face Wash";"Face Wash";"PureBaltic";6.37;4.65;"PO-2025-0073";"2025-08-07";"Port of Szczecin-Świnoujście";"Port of Montreal";"IM-0073";0;"FPUH Kubisz-Wziątek S.A. Sp. z o.o.";22;-3;12;0.321;0.00046;"TOR"
"2025-05-13";"2025-06-02";1.63;1.19;1.71;1.25;"Poland";"2025-05-11";"2025-06-02";"2025-05-11";148;1776;"CMA CGM";"FOB";"40HQ";"MSCU1300063";"BL585314";"COS-0022";"ArcticAura Sensitive Skin Face Wash";"Face Wash";"ArcticAura";5.66;4.13;"PO-2025-0074";"2025-05-02";"Port of Gdynia";"Port of Vancouver";"IM-0074";1776;"Gładka Sp. z o.o. Sp.k. Sp. z o.o.";22;0;12;0.26;0.00069;"VAN"
"2025-07-05";"2025-08-12";4.77;3.48;4.65;3.39;"Poland";"2025-07-05";"2025-08-14";"2025-07-05";143;3432;"Hapag-Lloyd";"FOB";"40GP";"MSCU2997750";"BL526805";"COS-0028";"PureBaltic Sensitive Skin Face Cream";"Face Cream";"PureBaltic";15.95;11.64;"PO-2025-0075";"2025-06-22";"Port of Szczecin-Świnoujście";"Port of Montreal";"IM-0075";3432;"Szumacher Sp. z o.o. Sp.k. Sp. z o.o.";40;-2;24;0.055;0.00059;"TOR"
"2025-04-06";"2025-05-14";1.92;1.4;1.91;1.39;"Poland";"2025-04-05";"2025-05-12";"2025-04-05";156;5616;"CMA CGM";"DDP";"40GP";"MSCU4753852";"BL820919";"COS-0009";"LumiCare Sensitive Skin Face Wash";"Face Wash";"LumiCare";5.35;3.91;"PO-2025-0076";"2025-03-30";"Port of Szczecin-Świnoujście";"Port of Vancouver";"IM-0076";5616;"Mysior Sp. z o.o. Sp. z o.o.";37;2;36;0.191;0.000358;"VAN"
"2025-07-25";"2025-09-02";1.32;0.96;1.29;0.94;"Poland";"2025-07-25";"2025-09-04";"2025-07-25";112;1344;"MSC";"DDP";"40HQ";"MSCU4092314";"BL911433";"COS-0013";"ArcticAura Hydrating Face Wash";"Face Wash";"ArcticAura";4.15;3.03;"PO-2025-0077";"2025-07-17";"Port of Gdańsk";"Port of Vancouver";"IM-0077";0;"Gładka Sp. z o.o. Sp.k. Sp. z o.o.";41;-2;12;0.328;0.001045;"VAN"
"2025-04-18";"2025-05-14";1.92;1.4;2.02;1.47;"Poland";"2025-04-18";"2025-05-14";"2025-04-18";101;3636;"Hapag-Lloyd";"EXW";"40GP";"MSCU3430364";"BL215196";"COS-0009";"LumiCare Sensitive Skin Face Wash";"Face Wash";"LumiCare";5.35;3.91;"PO-2025-0078";"2025-04-09";"Port of Szczecin-Świnoujście";"Port of Montreal";"IM-0078";3636;"Parada Sp.j. Sp. z o.o.";26;0;36;0.191;0.000358;"TOR"
"2025-08-06";"2025-08-30";5.65;4.12;6.07;4.43;"Poland";"2025-08-06";"2025-08-31";"2025-08-06";80;1920;"MSC";"CIF";"20GP";"MSCU9024946";"BL374054";"COS-0027";"NordGlow Rose Lip Balm";"Lip Balm";"NordGlow";14.64;10.69;"PO-2025-0079";"2025-08-02";"Port of Szczecin-Świnoujście";"Port of Vancouver";"IM-0079";0;"Gładka Sp. z o.o. Sp.k. Sp. z o.o.";25;-1;24;0.321;0.00093;"VAN"
"2025-08-30";"2025-10-04";1.6;1.17;1.75;1.28;"Poland";"2025-08-28";"2025-10-04";"2025-08-28";130;3120;"MSC";"EXW";"40HQ";"MSCU7247718";"BL448062";"COS-0020";"PureBaltic SPF 15 Face Wash";"Face Wash";"PureBaltic";3.73;2.72;"PO-2025-0080";"2025-08-23";"Port of Szczecin-Świnoujście";"Port of Montreal";"IM-0080";0;"Mysior Sp. z o.o. Sp. z o.o.";37;0;24;0.34;0.000614;"TOR"
"2025-07-11";"2025-08-16";1.6;1.17;1.67;1.22;"Poland";"2025-07-11";"2025-08-15";"2025-07-11";150;3600;"CMA CGM";"DDP";"40HQ";"MSCU2881685";"BL167674";"COS-0020";"PureBaltic SPF 15 Face Wash";"Face Wash";"PureBaltic";3.73;2.72;"PO-2025-0081";"2025-06-30";"Port of Gdynia";"Port of Vancouver";"IM-0081";3600;"Spółdzielnia Bogusiewicz Sp. z o.o.";35;1;24;0.34;0.000614;"VAN"
"2025-05-20";"2025-06-11";1.6;1.17;1.65;1.2;"Poland";"2025-05-20";"2025-06-13";"2025-05-20";27;648;"MSC";"FOB";"40HQ";"MSCU9482553";"BL688576";"COS-0020";"PureBaltic SPF 15 Face Wash";"Face Wash";"PureBaltic";3.73;2.72;"PO-2025-0082";"2025-05-13";"Port of Gdańsk";"Port of Vancouver";"IM-0082";648;"Spółdzielnia Bogusiewicz Sp. z o.o.";24;-2;24;0.34;0.000614;"VAN"
"2025-04-23";"2025-05-30";1.6;1.17;1.58;1.15;"Poland";"2025-04-21";"2025-05-31";"2025-04-21";57;1368;"MSC";"CIF";"40GP";"MSCU7632278";"BL181053";"COS-0020";"PureBaltic SPF 15 Face Wash";"Face Wash";"PureBaltic";3.73;2.72;"PO-2025-0083";"2025-04-15";"Port of Gdańsk";"Port of Montreal";"IM-0083";1368;"Patoka-Panicz Sp. z o.o. Sp.k. Sp. z o.o.";40;-1;24;0.34;0.000614;"TOR"
"2025-05-03";"2025-06-09";1.38;1.01;1.32;0.96;"Poland";"2025-05-01";"2025-06-09";"2025-05-01";122;1464;"Maersk";"DDP";"40HQ";"MSCU2361395";"BL957922";"COS-0006";"Vistula Beauty SPF 15 Face Cream";"Face Cream";"Vistula Beauty";2.78;2.03;"PO-2025-0084";"2025-04-18";"Port of Szczecin-Świnoujście";"Port of Vancouver";"IM-0084";1464;"Stowarzyszenie Wośko Sp. z o.o.";39;0;12;0.224;0.000717;"VAN"
"2025-06-07";"2025-07-12";4.52;3.3;4.63;3.38;"Poland";"2025-06-06";"2025-07-11";"2025-06-06";88;528;"CMA CGM";"DDP";"40GP";"MSCU3255579";"BL633960";"COS-0005";"Vistula Beauty Vitamin C Face Cream";"Face Cream";"Vistula Beauty";10.62;7.75;"PO-2025-0085";"2025-05-28";"Port of Gdańsk";"Port of Vancouver";"IM-0085";528;"Gładka Sp. z o.o. Sp.k. Sp. z o.o.";35;1;6;0.241;0.000505;"VAN"
"2025-03-19";"2025-04-16";5.58;4.07;5.61;4.1;"Poland";"2025-03-18";"2025-04-14";"2025-03-18";159;954;"CMA CGM";"CIF";"40HQ";"MSCU7511919";"BL187161";"COS-0010";"LumiCare Hyaluronic Face Wash";"Face Wash";"LumiCare";15.16;11.07;"PO-2025-0086";"2025-03-10";"Port of Gdańsk";"Port of Vancouver";"IM-0086";954;"Mysior Sp. z o.o. Sp. z o.o.";27;2;6;0.289;0.00105;"VAN"
"2025-05-29";"2025-06-17";4.77;3.48;4.84;3.53;"Poland";"2025-05-27";"2025-06-17";"2025-05-27";37;888;"Maersk";"FOB";"40GP";"MSCU8692274";"BL191263";"COS-0028";"PureBaltic Sensitive Skin Face Cream";"Face Cream";"PureBaltic";15.95;11.64;"PO-2025-0087";"2025-05-23";"Port of Gdynia";"Port of Vancouver";"IM-0087";888;"FPUH Kubisz-Wziątek S.A. Sp. z o.o.";21;0;24;0.055;0.00059;"VAN"
"2025-06-24";"2025-07-12";1.72;1.26;1.67;1.22;"Poland";"2025-06-24";"2025-07-12";"2025-06-24";35;1260;"Maersk";"CIF";"20GP";"MSCU6653073";"BL654760";"COS-0021";"PureBaltic Vitamin C Face Wash";"Face Wash";"PureBaltic";3.61;2.64;"PO-2025-0088";"2025-06-23";"Port of Szczecin-Świnoujście";"Port of Vancouver";"IM-0088";1260;"Warzybok s.c. Sp. z o.o.";18;0;36;0.283;0.00055;"VAN"
"2025-07-04";"2025-07-31";4.96;3.62;5.3;3.87;"Poland";"2025-07-02";"2025-07-31";"2025-07-02";95;2280;"MSC";"DDP";"20GP";"MSCU6601755";"BL363926";"COS-0029";"LumiCare Hyaluronic Face Wash";"Face Wash";"LumiCare";12.49;9.12;"PO-2025-0089";"2025-06-22";"Port of Szczecin-Świnoujście";"Port of Montreal";"IM-0089";2280;"Spółdzielnia Bogusiewicz Sp. z o.o.";29;0;24;0.23;0.001155;"TOR"
"2025-07-12";"2025-08-11";5.27;3.85;5.62;4.1;"Poland";"2025-07-12";"2025-08-13";"2025-07-12";183;6588;"Maersk";"DDP";"40GP";"MSCU4048441";"BL376475";"COS-0030";"NordGlow SPF 15 Face Cream";"Face Cream";"NordGlow";18.32;13.37;"PO-2025-0090";"2025-06-28";"Port of Gdynia";"Port of Montreal";"IM-0090";6588;"Stojak-Świstek Sp. z o.o. Sp. z o.o.";32;-2;36;0.148;0.001157;"TOR"
"2025-04-19";"2025-05-19";5.11;3.73;5.32;3.88;"Poland";"2025-04-19";"2025-05-19";"2025-04-19";70;420;"MSC";"FOB";"20GP";"MSCU3855580";"BL443061";"COS-0004";"ArcticAura Vitamin C Face Cream";"Face Cream";"ArcticAura";14.29;10.43;"PO-2025-0091";"2025-04-15";"Port of Gdańsk";"Port of Montreal";"IM-0091";420;"Grupa Ryfa Sp. z o.o.";30;0;6;0.242;0.000252;"TOR"
"2025-08-28";"2025-09-30";1.32;0.96;1.42;1.04;"Poland";"2025-08-26";"2025-09-23";"2025-08-26";48;576;"Maersk";"FOB";"40HQ";"MSCU8820409";"BL366480";"COS-0013";"ArcticAura Hydrating Face Wash";"Face Wash";"ArcticAura";4.15;3.03;"PO-2025-0092";"2025-08-17";"Port of Szczecin-Świnoujście";"Port of Vancouver";"IM-0092";0;"Parada Sp.j. Sp. z o.o.";28;7;12;0.328;0.001045;"VAN"
"2025-06-07";"2025-07-06";4.52;3.3;4.64;3.39;"Poland";"2025-06-06";"2025-06-29";"2025-06-06";103;618;"Maersk";"CIF";"40GP";"MSCU6680892";"BL461430";"COS-0005";"Vistula Beauty Vitamin C Face Cream";"Face Cream";"Vistula Beauty";10.62;7.75;"PO-2025-0093";"2025-05-24";"Port of Gdańsk";"Port of Vancouver";"IM-0093";618;"Stojak-Świstek Sp. z o.o. Sp. z o.o.";23;7;6;0.241;0.000505;"VAN"
"2025-07-24";"2025-08-28";1.31;0.96;1.32;0.96;"Poland";"2025-07-24";"2025-08-28";"2025-07-24";116;696;"CMA CGM";"FOB";"20GP";"MSCU7280670";"BL313449";"COS-0024";"NordGlow Vanilla Lip Balm";"Lip Balm";"NordGlow";3.25;2.37;"PO-2025-0094";"2025-07-21";"Port of Gdynia";"Port of Montreal";"IM-0094";0;"Spółdzielnia Klinger-Borejko Sp.k. Sp. z o.o.";35;0;6;0.257;0.000792;"TOR"
"2025-03-06";"2025-04-17";1.31;0.96;1.26;0.92;"Poland";"2025-03-06";"2025-04-16";"2025-03-06";161;966;"CMA CGM";"CIF";"40GP";"MSCU1025072";"BL173651";"COS-0024";"NordGlow Vanilla Lip Balm";"Lip Balm";"NordGlow";3.25;2.37;"PO-2025-0095";"2025-03-03";"Port of Gdańsk";"Port of Vancouver";"IM-0095";966;"Spółdzielnia Klinger-Borejko Sp.k. Sp. z o.o.";41;1;6;0.257;0.000792;"VAN"
"2025-04-17";"2025-05-18";4.96;3.62;5.36;3.91;"Poland";"2025-04-17";"2025-05-17";"2025-04-17";174;4176;"MSC";"FOB";"40GP";"MSCU6755624";"BL284702";"COS-0029";"LumiCare Hyaluronic Face Wash";"Face Wash";"LumiCare";12.49;9.12;"PO-2025-0096";"2025-04-09";"Port of Gdańsk";"Port of Vancouver";"IM-0096";4176;"Grupa Ryfa Sp. z o.o.";30;1;24;0.23;0.001155;"VAN"
"2025-07-25";"2025-08-30";1.92;1.4;1.91;1.39;"Poland";"2025-07-25";"2025-09-02";"2025-07-25";109;3924;"Hapag-Lloyd";"DDP";"40HQ";"MSCU4350916";"BL414080";"COS-0009";"LumiCare Sensitive Skin Face Wash";"Face Wash";"LumiCare";5.35;3.91;"PO-2025-0097";"2025-07-17";"Port of Gdańsk";"Port of Vancouver";"IM-0097";0;"Mysior Sp. z o.o. Sp. z o.o.";39;-3;36;0.191;0.000358;"VAN"
"2025-03-29";"2025-04-22";2.25;1.64;2.25;1.64;"Poland";"2025-03-27";"2025-04-18";"2025-03-27";108;1296;"Hapag-Lloyd";"CIF";"20GP";"MSCU7607730";"BL689227";"COS-0011";"PureBaltic SPF 30 Face Wash";"Face Wash";"PureBaltic";6.37;4.65;"PO-2025-0098";"2025-03-19";"Port of Gdańsk";"Port of Montreal";"IM-0098";1296;"Stowarzyszenie Wośko Sp. z o.o.";22;4;12;0.321;0.00046;"TOR"
"2025-05-08";"2025-06-05";5.11;3.73;4.93;3.6;"Poland";"2025-05-08";"2025-06-05";"2025-05-08";89;534;"MSC";"DDP";"20GP";"MSCU2989379";"BL449733";"COS-0004";"ArcticAura Vitamin C Face Cream";"Face Cream";"ArcticAura";14.29;10.43;"PO-2025-0099";"2025-04-28";"Port of Gdynia";"Port of Vancouver";"IM-0099";534;"Szumacher Sp. z o.o. Sp.k. Sp. z o.o.";28;0;6;0.242;0.000252;"VAN"
"2025-08-01";"2025-09-07";3.58;2.61;3.63;2.65;"Poland";"2025-08-01";"2025-09-05";"2025-08-01";168;1008;"Hapag-Lloyd";"EXW";"40HQ";"MSCU7159831";"BL184013";"COS-0002";"PureBaltic Vitamin C Face Wash";"Face Wash";"PureBaltic";12.36;9.02;"PO-2025-0100";"2025-07-21";"Port of Szczecin-Świnoujście";"Port of Montreal";"IM-0100";0;"Mysior Sp. z o.o. Sp. z o.o.";35;2;6;0.177;0.000626;"TOR"
"2025-05-06";"2025-06-15";1.5;1.1;1.57;1.15;"Poland";"2025-05-06";"2025-06-15";"2025-05-06";189;6804;"CMA CGM";"DDP";"40GP";"MSCU6508210";"BL833824";"COS-0017";"LumiCare SPF 15 Face Wash";"Face Wash";"LumiCare";3.65;2.66;"PO-2025-0101";"2025-05-05";"Port of Szczecin-Świnoujście";"Port of Montreal";"IM-0101";6804;"Szumacher Sp. z o.o. Sp.k. Sp. z o.o.";40;0;36;0.257;0.001179;"TOR"
"2025-08-09";"2025-09-23";2.48;1.81;2.36;1.72;"Poland";"2025-08-07";"2025-09-16";"2025-08-07";26;936;"Hapag-Lloyd";"DDP";"40GP";"MSCU4814186";"BL394997";"COS-0003";"ArcticAura Mint Lip Balm";"Lip Balm";"ArcticAura";8.19;5.98;"PO-2025-0102";"2025-08-06";"Port of Szczecin-Świnoujście";"Port of Montreal";"IM-0102";0;"Gładka Sp. z o.o. Sp.k. Sp. z o.o.";40;7;36;0.105;0.000171;"TOR"
"2025-03-30";"2025-05-01";1.72;1.26;1.85;1.35;"Poland";"2025-03-29";"2025-05-01";"2025-03-29";91;3276;"MSC";"FOB";"40GP";"MSCU9731005";"BL369075";"COS-0021";"PureBaltic Vitamin C Face Wash";"Face Wash";"PureBaltic";3.61;2.64;"PO-2025-0103";"2025-03-25";"Port of Gdańsk";"Port of Vancouver";"IM-0103";3276;"Warzybok s.c. Sp. z o.o.";33;0;36;0.283;0.00055;"VAN"
"2025-06-14";"2025-07-13";1.92;1.4;1.89;1.38;"Poland";"2025-06-12";"2025-07-06";"2025-06-12";138;4968;"MSC";"CIF";"20GP";"MSCU9214803";"BL982537";"COS-0009";"LumiCare Sensitive Skin Face Wash";"Face Wash";"LumiCare";5.35;3.91;"PO-2025-0104";"2025-05-29";"Port of Gdynia";"Port of Montreal";"IM-0104";4968;"Spółdzielnia Bogusiewicz Sp. z o.o.";24;7;36;0.191;0.000358;"TOR"
"2025-08-18";"2025-09-28";1.43;1.04;1.49;1.09;"Poland";"2025-08-16";"2025-09-21";"2025-08-16";58;1392;"CMA CGM";"CIF";"40HQ";"MSCU5058827";"BL634274";"COS-0023";"Vistula Beauty Vitamin C Face Cream";"Face Cream";"Vistula Beauty";3.13;2.28;"PO-2025-0105";"2025-08-11";"Port of Szczecin-Świnoujście";"Port of Vancouver";"IM-0105";0;"Spółdzielnia Bogusiewicz Sp. z o.o.";36;7;24;0.176;0.000203;"VAN"
"2025-06-16";"2025-07-10";2.48;1.81;2.64;1.93;"Poland";"2025-06-16";"2025-07-10";"2025-06-16";17;612;"CMA CGM";"EXW";"40GP";"MSCU4724960";"BL957141";"COS-0003";"ArcticAura Mint Lip Balm";"Lip Balm";"ArcticAura";8.19;5.98;"PO-2025-0106";"2025-06-15";"Port of Gdańsk";"Port of Vancouver";"IM-0106";612;"Spółdzielnia Bogusiewicz Sp. z o.o.";24;0;36;0.105;0.000171;"VAN"
"2025-05-24";"2025-06-14";1.5;1.1;1.64;1.2;"Poland";"2025-05-23";"2025-06-12";"2025-05-23";47;1692;"Maersk";"FOB";"20GP";"MSCU2112092";"BL771165";"COS-0017";"LumiCare SPF 15 Face Wash";"Face Wash";"LumiCare";3.65;2.66;"PO-2025-0107";"2025-05-19";"Port of Szczecin-Świnoujście";"Port of Montreal";"IM-0107";1692;"Parada Sp.j. Sp. z o.o.";20;2;36;0.257;0.001179;"TOR"
"2025-06-13";"2025-07-11";1.36;0.99;1.33;0.97;"Poland";"2025-06-12";"2025-07-11";"2025-06-12";141;5076;"CMA CGM";"CIF";"40GP";"MSCU9318176";"BL860553";"COS-0019";"LumiCare Hydrating Face Cream";"Face Cream";"LumiCare";3.4;2.48;"PO-2025-0108";"2025-05-30";"Port of Gdańsk";"Port of Montreal";"IM-0108";5076;"Gładka Sp. z o.o. Sp.k. Sp. z o.o.";29;0;36;0.097;0.001069;"TOR"
"2025-08-09";"2025-08-28";4.51;3.29;4.75;3.47;"Poland";"2025-08-08";"2025-08-28";"2025-08-08";92;1104;"MSC";"FOB";"20GP";"MSCU4484397";"BL989554";"COS-0008";"ArcticAura SPF 15 Face Cream";"Face Cream";"ArcticAura";11.74;8.57;"PO-2025-0109";"2025-08-05";"Port of Szczecin-Świnoujście";"Port of Montreal";"IM-0109";0;"Parada Sp.j. Sp. z o.o.";20;0;12;0.275;0.000252;"TOR"
"2025-03-14";"2025-04-21";1.86;1.36;1.99;1.45;"Poland";"2025-03-14";"2025-04-20";"2025-03-14";145;1740;"CMA CGM";"EXW";"20GP";"MSCU9995380";"BL697760";"COS-0001";"LumiCare Citrus Lip Balm";"Lip Balm";"LumiCare";6.16;4.5;"PO-2025-0110";"2025-03-04";"Port of Szczecin-Świnoujście";"Port of Vancouver";"IM-0110";1740;"Patoka-Panicz Sp. z o.o. Sp.k. Sp. z o.o.";37;1;12;0.092;0.000196;"VAN"
"2025-05-20";"2025-06-15";2.57;1.88;2.67;1.95;"Poland";"2025-05-19";"2025-06-11";"2025-05-19";151;5436;"Maersk";"CIF";"40GP";"MSCU9973745";"BL380153";"COS-0007";"PureBaltic SPF 15 Face Wash";"Face Wash";"PureBaltic";6.8;4.96;"PO-2025-0111";"2025-05-14";"Port of Szczecin-Świnoujście";"Port of Vancouver";"IM-0111";5436;"Gładka Sp. z o.o. Sp.k. Sp. z o.o.";23;4;36;0.263;0.001075;"VAN"
"2025-03-20";"2025-04-19";4.96;3.62;5.28;3.85;"Poland";"2025-03-18";"2025-04-21";"2025-03-18";45;1080;"Maersk";"DDP";"40GP";"MSCU3623852";"BL927929";"COS-0029";"LumiCare Hyaluronic Face Wash";"Face Wash";"LumiCare";12.49;9.12;"PO-2025-0112";"2025-03-06";"Port of Szczecin-Świnoujście";"Port of Vancouver";"IM-0112";1080;"Gładka Sp. z o.o. Sp.k. Sp. z o.o.";34;-2;24;0.23;0.001155;"VAN"
"2025-04-12";"2025-04-29";4.08;2.98;4.47;3.26;"Poland";"2025-04-10";"2025-04-28";"2025-04-10";100;600;"MSC";"CIF";"40HQ";"MSCU2288007";"BL144923";"COS-0025";"ArcticAura Hyaluronic Face Cream";"Face Cream";"ArcticAura";8.59;6.27;"PO-2025-0113";"2025-04-02";"Port of Szczecin-Świnoujście";"Port of Montreal";"IM-0113";600;"Mysior Sp. z o.o. Sp. z o.o.";18;1;6;0.343;0.000936;"TOR"
"2025-05-17";"2025-06-02";3.7;2.7;3.59;2.62;"Poland";"2025-05-17";"2025-06-05";"2025-05-17";98;1176;"Hapag-Lloyd";"DDP";"20GP";"MSCU5052742";"BL938136";"COS-0026";"Vistula Beauty SPF 15 Face Wash";"Face Wash";"Vistula Beauty";8.65;6.31;"PO-2025-0114";"2025-05-05";"Port of Gdynia";"Port of Montreal";"IM-0114";1176;"Szumacher Sp. z o.o. Sp.k. Sp. z o.o.";19;-3;12;0.134;0.000553;"TOR"
"2025-07-08";"2025-08-07";1.6;1.17;1.73;1.26;"Poland";"2025-07-08";"2025-08-09";"2025-07-08";123;2952;"CMA CGM";"EXW";"40HQ";"MSCU8911847";"BL159384";"COS-0020";"PureBaltic SPF 15 Face Wash";"Face Wash";"PureBaltic";3.73;2.72;"PO-2025-0115";"2025-06-25";"Port of Gdynia";"Port of Vancouver";"IM-0115";2952;"Gładka Sp. z o.o. Sp.k. Sp. z o.o.";32;-2;24;0.34;0.000614;"VAN"
"2025-08-23";"2025-09-17";5.21;3.8;5.36;3.91;"Poland";"2025-08-21";"2025-09-13";"2025-08-21";149;894;"Hapag-Lloyd";"FOB";"20GP";"MSCU3543551";"BL679413";"COS-0014";"LumiCare Mint Lip Balm";"Lip Balm";"LumiCare";15.99;11.67;"PO-2025-0116";"2025-08-07";"Port of Szczecin-Świnoujście";"Port of Montreal";"IM-0116";0;"Spółdzielnia Bogusiewicz Sp. z o.o.";23;4;6;0.285;0.000549;"TOR"
"2025-08-07";"2025-09-07";4.51;3.29;4.52;3.3;"Poland";"2025-08-07";"2025-09-07";"2025-08-07";181;2172;"Maersk";"CIF";"40HQ";"MSCU5974841";"BL262529";"COS-0008";"ArcticAura SPF 15 Face Cream";"Face Cream";"ArcticAura";11.74;8.57;"PO-2025-0117";"2025-07-24";"Port of Szczecin-Świnoujście";"Port of Vancouver";"IM-0117";0;"Grupa Ryfa Sp. z o.o.";31;0;12;0.275;0.000252;"VAN"
"2025-07-09";"2025-08-18";1.32;0.96;1.37;1.0;"Poland";"2025-07-08";"2025-08-17";"2025-07-08";39;468;"MSC";"FOB";"40GP";"MSCU7859073";"BL143991";"COS-0013";"ArcticAura Hydrating Face Wash";"Face Wash";"ArcticAura";4.15;3.03;"PO-2025-0118";"2025-07-07";"Port of Gdynia";"Port of Montreal";"IM-0118";468;"Parada Sp.j. Sp. z o.o.";40;1;12;0.328;0.001045;"TOR"
"2025-09-08";"2025-09-30";4.87;3.56;5.13;3.74;"Poland";"2025-09-07";"2025-09-26";"2025-09-07";112;672;"CMA CGM";"DDP";"40HQ";"MSCU9651815";"BL385548";"COS-0016";"NordGlow SPF 30 Face Wash";"Face Wash";"NordGlow";12.85;9.38;"PO-2025-0119";"2025-08-24";"Port of Szczecin-Świnoujście";"Port of Vancouver";"IM-0119";0;"Parada Sp.j. Sp. z o.o.";19;4;6;0.041;0.000846;"VAN"
"2025-04-09";"2025-05-13";1.86;1.36;1.92;1.4;"Poland";"2025-04-07";"2025-05-09";"2025-04-07";170;2040;"Hapag-Lloyd";"EXW";"20GP";"MSCU1310903";"BL267601";"COS-0001";"LumiCare Citrus Lip Balm";"Lip Balm";"LumiCare";6.16;4.5;"PO-2025-0120";"2025-04-01";"Port of Szczecin-Świnoujście";"Port of Vancouver";"IM-0120";2040;"Warzybok s.c. Sp. z o.o.";32;4;12;0.092;0.000196;"VAN"
